{"p":0.0001197116200961965,"stats":{"gnames":"12345","n":[6,6,6,6,6],"source":"anova1","means":[23.833333333333336,13.333333333333334,11.666666666666668,9.1666666666666679,17.833333333333332],"df":25,"s":4.7208756249944424,"df1":4,"F":9.0076278791504656}}