{"p":0.0001197116200961965,"tbl":["Source","Columns","Error","Total","SS",803.00000000000023,557.16666666666674,1360.166666666667,"df",4,25,29,"MS",200.75000000000006,22.286666666666669,[],"F",9.0076278791504656,[],[],"Prob>F",0.0001197116200961965,[],[]],"stats":{"gnames":"12345","n":[6,6,6,6,6],"source":"anova1","means":[23.833333333333336,13.333333333333334,11.666666666666668,9.1666666666666679,17.833333333333332],"df":25,"s":4.7208756249944424}}