{"corrType":"spearman","rho":[[1,-1,0.16139255702280911,0.19327731092436976],[-1,1,-0.16139255702280911,-0.19327731092436976],[0.16139255702280911,-0.16139255702280911,1,0.013013205282112845],[0.19327731092436976,-0.19327731092436976,0.013013205282112845,1]],"pval":[[1,0,0.26197228941643219,0.17819213530995956],[0,1,0.26197228941643219,0.17819213530995956],[0.26197228941643219,0.26197228941643219,1,0.92852472050294566],[0.17819213530995956,0.17819213530995956,0.92852472050294566,1]],"varNames":["age","weight","wealth","height"]}