{"h":1,"p":0.010560463506188916,"ci":[-0.73573348342198819,-0.099726646146792219],"stats":{"tstat":-2.6064722174483022,"df":99,"sd":1.6026645593534918}}